parameters,rms,pitch,cent,flatness,rolloff,MFCC0,MFCC1,MFCC2,MFCC3,MFCC4,MFCC5,MFCC6,MFCC7,MFCC8,MFCC9,MFCC10,MFCC11,MFCC12,chroma0,chroma1,chroma2,chroma3,chroma4,chroma5,chroma6,chroma7,chroma8,chroma9,chroma10,chroma11
0.0-0.0,0.5662510891755422,221.34001618772763,1495.556059024272,0.0015961222626862202,2842.3828125,-206.19276555379233,117.13004938761394,41.37014134724935,38.730868657430015,28.0701322555542,23.04013792673747,16.345709482828777,11.143282095591227,5.670267735918363,1.140219767888387,-3.1061336199442544,-6.521492163340251,-9.453539371490479,0.28827569633722305,0.12093121480817597,0.07003827427979559,0.06382675271985742,0.07591913139913231,0.1130054338524739,0.23115702842672667,0.41633234918117523,0.7352139155069987,1.0,0.8819100658098856,0.6223735610644022
0.0-0.1,0.5795417030652364,221.68928885454685,1837.6872672920115,0.0020384096233336166,4112.841796875,-180.46624120076498,110.01317087809245,36.92873891194662,36.1487242380778,26.513203303019207,22.071547508239746,15.76891803741455,10.849988142649332,5.582828884323438,1.1916883786519368,-2.971653381983439,-6.348523775736491,-9.273340861002604,0.2804453447461128,0.11589132544274132,0.06670630423468538,0.06019186902752457,0.06898877098380278,0.10291072819381952,0.218943835546573,0.4025818556547165,0.7288909753163656,1.0,0.8830377260843912,0.6201747059822083
0.0-0.2,0.577839175860087,221.13400412266938,1684.5115964336237,0.0014939093190857778,3567.333984375,-188.73669942220053,111.9055913289388,38.4789129892985,37.379151026407875,27.480650583902996,22.81928030649821,16.32919184366862,11.252211093902588,5.856734037399292,1.3676890929539998,-2.864144762357076,-6.283012866973877,-9.22808043162028,0.289993979036808,0.12203903566114604,0.07078702312719543,0.06470246099343058,0.07771689225531493,0.11569043435156345,0.23446059226989746,0.42010292907555896,0.7369742194811503,1.0,0.8813761870066324,0.6226200858751932
0.0-0.3,0.593194584051768,221.80115774924616,1849.7726282960914,0.002050214913047342,4163.0859375,-177.32891464233398,109.85564422607422,36.823445638020836,36.08713022867838,26.482444445292156,22.062824567159016,15.776724179585775,10.870386282602945,5.612631181875865,1.2280937631924946,-2.931061029434204,-6.30575688680013,-9.229963461558023,0.2802939216295878,0.11579915756980579,0.06664553676576664,0.06012099168340986,0.06884603037421282,0.10269906744360924,0.2186920071641604,0.4023016691207886,0.7287637988726298,1.0,0.8830524484316508,0.6201242705186208
0.0-0.4,0.5926514863967896,221.14664809118867,1531.4745169352311,0.0015756201178026511,2935.693359375,-198.4387296040853,115.81654866536458,40.74212074279785,38.50451532999674,28.00317891438802,23.028990109761555,16.358530521392822,11.169342994689941,5.704044242699941,1.1769564549128215,-3.0697637796401978,-6.4875233968098955,-9.422486623128256,0.28852880001068115,0.12108567589893937,0.07014418017449013,0.0639649622462457,0.076228281968118,0.11347937149306138,0.2317377564807733,0.4169945965210597,0.7355227470397949,1.0,0.8818132678667704,0.6223974227905273
0.0-0.5,0.6043698191642761,221.6877212656025,1601.2766756703943,0.0018720862478654992,3158.203125,-194.07406743367514,114.68061828613281,39.70483144124349,37.567970275878906,27.158512751261394,22.268085797627766,15.673627058664957,10.55134920279185,5.1422044436136884,0.6592970689137777,-3.5554123322168985,-6.952419439951579,-9.875908533732096,0.2832815895477931,0.11771683806243043,0.06790209118238029,0.06145471716687704,0.07130695116939023,0.10624097225566705,0.2229363669951757,0.4070426772038142,0.730924129486084,1.0,0.8828246593475342,0.6211312214533488
0.0-0.6,0.6099840402603149,221.35913303045137,1416.831996950523,0.001777901702629886,2863.916015625,-210.07277170817056,122.51363881429036,42.74963124593099,38.408790588378906,27.436676661173504,22.425073941548664,15.749762852986654,10.555419166882833,5.092510461807251,0.5816687345504761,-3.6421163082122803,-7.034356594085693,-9.947200775146484,0.28473572929700214,0.11863910399066906,0.06851258688645127,0.06213764464094614,0.07263979843507211,0.10819812087963025,0.2252980892856916,0.40969860057036084,0.7321436007817587,1.0,0.8826103210449219,0.6215390463670095
0.0-0.7,0.6146426995595297,221.416245558417,1382.072491689536,0.0016447687355813582,2749.072265625,-210.29638544718424,123.18474833170573,43.378594716389976,38.99435997009277,27.982241948445637,22.9338321685791,16.22476625442505,11.000255505243937,5.511526644229889,0.9797044197718302,-3.260124365488688,-6.663834730784099,-9.584388256072998,0.2873696858684222,0.12034689650560419,0.0696467250866893,0.06338024806367078,0.07502585893962532,0.11168244356910388,0.2295375863711039,0.4144919067621231,0.7343581318855286,1.0,0.8821374773979187,0.6221987307071686
0.0-0.8,0.6276167631149292,221.629805845301,1793.6386852639534,0.002002484204240606,3911.865234375,-175.75770696004233,110.65203603108723,37.35304959615072,36.39796257019043,26.643030802408855,22.11893939971924,15.756136894226074,10.79233193397522,5.492307424545288,1.0785895983378093,-3.0986170768737793,-6.482255617777507,-9.408498605092367,0.28105435023705166,0.11628011032007635,0.06696042214268043,0.0604618574094881,0.06948659730066235,0.10362703073769808,0.21979897965987524,0.40353479981422424,0.7293237646420797,1.0,0.8830015063285828,0.6203891138235728
0.0-0.9,0.6264978647232056,221.1705685232182,1668.558024992516,0.0015041735415442705,3488.37890625,-181.96490859985352,112.23239644368489,38.693458557128906,37.507062911987305,27.55458386739095,22.85992368062337,16.348085403442383,11.256442070007324,5.851192951202393,1.3561274607976277,-2.878894011179606,-6.298877716064453,-9.243727684020996,0.2898410881559054,0.12194121986006697,0.07072044450615067,0.06462173903613196,0.07754577059919636,0.11543225962668657,0.23414207870761553,0.4197382281223933,0.7368035117785136,1.0,0.8814328908920288,0.6226056118806204
0.1-0.0,0.5722681085268656,287.47505008237454,1688.2762463008173,0.0014284731979182029,3402.24609375,-188.93746185302734,115.71396382649739,40.01051584879557,36.395039876302086,24.028309504191082,17.03159459431966,8.444757223129272,1.6464349627494812,-4.964842319488525,-10.065462748209635,-14.254634857177734,-16.979294459025066,-18.63224983215332,0.6357410748799642,1.0,0.8436261614163717,0.3795293867588043,0.12420893444990118,0.052123171553830616,0.03932065886935258,0.033999811111546784,0.03675662495273476,0.05135362863074988,0.10478295323749383,0.30022699137528736
0.1-0.1,0.5729139447212219,287.39989851535404,1848.4141928876982,0.002121842932490812,3976.46484375,-181.6243985493978,112.72231038411458,37.365596771240234,34.05483754475912,21.921847343444824,15.113694826761881,6.6929475863774615,0.050013462702433266,-6.4114768505096436,-11.367089907328287,-15.417428334554037,-18.012346267700195,-19.548190752665203,0.34469348688920337,0.7420483827590942,1.0,0.8138554493586222,0.33658352742592496,0.10944011675504346,0.053328886860981584,0.04072019466063163,0.03624201017373707,0.039832699338148814,0.060837499292877815,0.1286916130532821
0.1-0.2,0.5839972496032715,287.3604900861515,1451.9808362699787,0.0015671966980066211,2777.783203125,-207.76442082722983,125.19094848632812,43.25766626993815,36.6896120707194,23.51490879058838,16.34300486246745,7.683025300502777,0.8489779631296793,-5.763866583506267,-10.829883257548014,-14.961249987284342,-17.614343007405598,-19.19451904296875,0.33987290412187576,0.7357111970583597,1.0,0.807293693224589,0.32553500185410184,0.10221289742427568,0.04885774264403153,0.03751301987843666,0.03380220970211667,0.037836154726392124,0.057604321220424026,0.12383162354429562
0.1-0.3,0.5885897874832153,287.5096514632673,1503.8407723641228,0.001792569344480123,2942.87109375,-205.47983423868814,123.7703145345052,41.90819549560547,35.40716807047526,22.289392630259197,15.168927113215128,6.5591433842976885,-0.22376680374145508,-6.783802509307861,-11.795672734578451,-15.872591654459635,-18.47242800394694,-20.002241134643555,0.34617845217386883,0.7498019735018412,1.0,0.8066076437632242,0.3257352337241173,0.1034705756076922,0.05049587305499396,0.03873559763208808,0.03487039943987232,0.0388769117295548,0.05977668729610741,0.1282109897583723
0.1-0.4,0.594896932442983,287.2774150229773,1593.3185334491848,0.0018522469913721782,3057.71484375,-196.67653147379556,119.47256978352864,40.56693776448568,35.17555046081543,22.186371485392254,15.035269737243652,6.432870785395305,-0.328250249226888,-6.868954340616862,-11.869644482930502,-15.939264615376791,-18.53472105662028,-20.060497919718426,0.34644920627276105,0.749704122543335,1.0,0.8075971404711405,0.32728680968284607,0.10438739601522684,0.05100080956860135,0.03909945260602399,0.03514102461122093,0.03909521949390182,0.060112194604395576,0.1286333886285623
0.1-0.5,0.6049530108769735,287.559216372917,1520.0289082369327,0.0015333778286940021,2828.02734375,-197.36851755777994,121.3814697265625,42.370978673299156,36.88270950317383,23.813080469767254,16.590347290039062,7.918119962016742,1.085215449333191,-5.530632893244426,-10.60937531789144,-14.75829283396403,-17.431735674540203,-19.031270345052082,0.3370179558793704,0.7285643815994263,1.0,0.8089465101559957,0.3276468391219775,0.10288890039858718,0.04874619480203061,0.03740277998682965,0.03363383889033381,0.03760062848111071,0.05692866751148055,0.12215342124303182
0.1-0.6,0.6065740982691447,287.27340317814856,1879.8182047015744,0.002160693829757554,4112.841796875,-173.9392433166504,112.12957763671875,36.99114863077799,33.84364573160807,21.8078130086263,15.056719462076822,6.67201482752959,0.05306423703829447,-6.392324447631836,-11.337761561075846,-15.382429758707682,-17.975104014078777,-19.511179606119793,0.3422812695304553,0.7348652879397074,1.0,0.8168678283691406,0.34079395482937497,0.11145495964835088,0.053957772562474325,0.04113769938097297,0.03646829039522951,0.03990118044506138,0.06059733376605436,0.12759512104094028
0.1-0.7,0.6203882296880087,287.5160473311984,1699.2884660424681,0.0014218409005653566,3459.66796875,-180.19318135579428,115.45526123046875,39.87446149190267,36.34577560424805,24.025834401448567,17.05280049641927,8.478259563446045,1.6860802223285039,-4.9229036172231035,-10.023995717366537,-14.215582529703775,-16.943856875101726,-18.60094960530599,0.6357247432072958,1.0,0.8434752225875854,0.37928270796934765,0.12403930925453703,0.05203233382295972,0.0392565901420312,0.03395072198206132,0.03671849135813924,0.05130319060602536,0.10471121377001207,0.3001669868826866
0.1-0.8,0.6204262773195902,287.35121240264453,1908.1417659715098,0.002201667211193538,4242.041015625,-169.8470776875814,111.6732889811198,36.71004867553711,33.69796562194824,21.746760368347168,15.048070589701334,6.697736581166585,0.10199974477291107,-6.327990214029948,-11.264140446980795,-15.304301261901855,-17.8961280186971,-19.43394724527995,0.636678417523702,1.0,0.8567090829213461,0.4010637253522873,0.13915065117180347,0.06020084149107182,0.04496170057973359,0.038259962548787975,0.03994866683206055,0.05533356231171638,0.11024211222926776,0.304603174328804
0.1-0.9,0.6339788834253947,287.4097080944977,1591.7035657826827,0.0014885649631801417,2993.115234375,-186.42688751220703,118.48959350585938,41.31624984741211,36.76700973510742,23.976218541463215,16.805933634440105,8.143812537193298,1.3133692344029744,-5.305686076482137,-10.395888805389404,-14.562118530273438,-17.256237983703613,-18.87631607055664,0.33417733013629913,0.7214863697687784,1.0,0.810490091641744,0.3296045983831088,0.10343742471498747,0.04854907847766299,0.03723802740811758,0.033430781189963454,0.03735068604146363,0.0562560927355662,0.12049771783252557
0.2-0.0,0.5688688158988953,353.48259763106995,1712.8971172206664,0.0018418607462695044,3265.869140625,-193.4410031636556,119.25826772054036,39.151943842569985,31.65247853597005,16.214593569437664,6.795756419499715,-3.536999464035034,-11.25070603688558,-17.81903839111328,-21.88023312886556,-24.110479990641277,-24.134103139241535,-22.59688091278076,0.02587971855609794,0.032830849864694756,0.061430834932252765,0.19654194886485735,0.5529938737551371,1.0,0.7823999722798666,0.24639571333924928,0.06731540927042563,0.03881986354099354,0.028088737094246124,0.023963383286172757
0.2-0.1,0.5735219717025757,353.4350434289352,2088.0332035460447,0.00276001915396243,4737.3046875,-172.23301442464194,110.57318369547527,33.67534828186035,28.300825119018555,13.951979637145996,5.116008996963501,-4.836512088775635,-12.26719856262207,-18.61543337504069,-22.509780248006184,-24.61751874287923,-24.55541165669759,-22.960213661193848,0.026647097662741242,0.032798856043276224,0.06095938780345023,0.1944887340068817,0.5494066774845123,1.0,0.7931820948918661,0.2582231250902017,0.07324932247865945,0.042550921420721956,0.030451143734959867,0.025338297476082516
0.2-0.2,0.5839144190152487,353.2536018460806,1287.2744971066204,0.00106601861671209,2361.474609375,-221.2816073099772,138.86390177408853,44.058366775512695,33.77619234720866,18.40262762705485,8.783119837443033,-1.8602214654286702,-9.804046948750814,-16.577281316121418,-20.795687675476074,-23.158953030904133,-23.284038225809734,-21.834142367045086,0.02520755551207306,0.03282596917658035,0.0617590545831869,0.19814320529500642,0.5558907389640808,1.0,0.773303210735321,0.23630286008119583,0.062251309592587255,0.035644120631332044,0.02607330986180993,0.022782084930743924
0.2-0.3,0.5900262395540873,353.42806006761185,1355.1085812023864,0.001334542067086334,2605.517578125,-217.33565775553384,137.50645701090494,42.9396858215332,32.865214029947914,17.647525946299236,8.148459792137146,-2.396049976348877,-10.256113052368164,-16.957766850789387,-21.115559577941895,-23.428306579589844,-23.51209545135498,-22.029027938842773,0.02544400706210581,0.0328292060100163,0.06164539015541474,0.19759092355767885,0.5548897484938303,1.0,0.776480495929718,0.23984531685709953,0.06403005243434261,0.03675912729037615,0.026781294865638,0.02319719709976198
0.2-0.4,0.5934764345486959,353.48859483138955,2114.7160963258652,0.002861628464692756,4844.970703125,-167.28484090169272,110.27262878417969,33.50507481892904,28.236718495686848,13.959638913472494,5.1723046867797775,-4.745508988698323,-12.15086809794108,-18.480934460957844,-22.363191604614258,-24.46404806772868,-24.39946746826172,-22.805381774902344,0.02672506730717335,0.032790732157688275,0.06089628045447171,0.19425324723124504,0.5490142007668813,1.0,0.794320821762085,0.2594699387749036,0.07387618829185764,0.04294624702015426,0.030700974037851363,0.025482174690296233
0.2-0.5,0.6033808986345927,353.270859257194,1487.8637600254358,0.0014955434118710976,2770.60546875,-202.8687655131022,128.19352213541666,42.47321319580078,32.86789512634277,17.115659713745117,7.658515638361375,-2.7691776752471924,-10.58657201131185,-17.24342981974284,-21.370201746622723,-23.65156428019206,-23.71399974822998,-22.20947551727295,0.025586522240701015,0.03283689793897793,0.06159986474085599,0.19728518029054007,0.5543043315410614,1.0,0.7783615986506144,0.2419167496263981,0.06506546998086075,0.03740691951679764,0.027192854695689068,0.023440971021045698
0.2-0.6,0.611706554889679,353.36299600749936,1350.5125989579199,0.0009683182680477184,2268.1640625,-207.42494328816733,131.04825083414713,44.8294423421224,34.795200983683266,18.72531255086263,9.02508314450582,-1.6016093492507935,-9.588454246520996,-16.3914893468221,-20.64343770345052,-23.030460039774578,-23.180341084798176,-21.746673266092937,0.02511080424665124,0.03281797279244832,0.06178221385926008,0.19833474109570184,0.5562699635823568,1.0,0.7720544338226318,0.2349203241368135,0.06156054954044521,0.03521269151921539,0.02579884310913864,0.022618700269352605
0.2-0.7,0.6147453387578329,353.515535802265,2060.227513126026,0.0026624115034157084,4622.4609375,-167.0398941040039,110.93311564127605,33.89047304789225,28.400309880574543,13.975313425064087,5.088799953460693,-4.899610837300618,-12.356930414835611,-18.72507317860921,-22.633729298909504,-24.750935236612957,-24.694038073221844,-23.100489616394043,0.026568637404125184,0.03280191709200153,0.061004942593475185,0.19469944015145302,0.5497789283593496,1.0,0.7920753757158915,0.25701988364259404,0.0726467448209102,0.042172010095479585,0.03021136432895825,0.02519847084234546
0.2-0.8,0.6233293414115906,353.3183744513853,1807.2049543791218,0.002013853751622429,3610.400390625,-179.1909205118815,116.42200978597005,37.491326014200844,30.671778361002605,15.507701635360718,6.200119813283284,-4.065271894137065,-11.724762439727783,-18.246479034423828,-22.269384384155273,-24.46875254313151,-24.468023618062336,-22.91127077738444,0.02603345758143405,0.03283350182027789,0.06136575946584344,0.19617938995361328,0.5523244341214498,1.0,0.7844852606455485,0.24867932870984077,0.06845772922194253,0.03953603258317647,0.028543006131258153,0.02423074552128431
0.2-0.9,0.6336612304051717,353.30369679336576,1452.2356719826773,0.0008075332156192725,2282.51953125,-193.3461456298828,124.17875671386719,43.624261220296226,35.50389734903971,19.46073563893636,9.533246994018555,-1.213366429011027,-9.269553820292154,-16.1261412302653,-20.430492719014484,-22.863606770833332,-23.053627649943035,-21.650292714436848,0.024957478878908052,0.0328105462443394,0.06183968674546728,0.1986634905139605,0.5568870703379313,1.0,0.7700414061546326,0.23267186805605888,0.060432901761184134,0.034507143624068704,0.02535026865158822,0.022353977476086584
0.3-0.0,0.5689434011777242,419.4507774955984,1874.395196896221,0.0019138577244894688,3761.1328125,-185.86347452799478,117.53998057047527,36.201394399007164,26.468526204427082,8.545410871505737,-2.8610379695892334,-14.178359349568685,-21.60912036895752,-26.580517768859863,-27.89122200012207,-26.54968802134196,-22.62602710723877,-17.24815559387207,0.02454075586683757,0.018599328859939607,0.01659565582788976,0.017385459671459103,0.02147538697317941,0.03443239712699627,0.1138412207365036,0.48197855552037555,1.0,0.6940620342890421,0.1677026841789484,0.04120325932550865
0.3-0.1,0.5744768579800924,419.61176922859755,2238.5034197993723,0.0031820395967937635,5124.90234375,-170.45927302042642,108.35342915852864,29.14513047536214,21.059155146280926,4.199751098950704,-6.484317302703857,-17.252034505208332,-24.234795252482098,-28.832586924235027,-29.835498174031574,-28.24538739522298,-24.125290552775066,-18.59314791361491,0.027287798016914167,0.0203093556630544,0.017471461038743048,0.017545586581642663,0.020843861925338086,0.03280510272209843,0.11018738150596619,0.4752871294816335,1.0,0.7061540683110555,0.17701265960931778,0.045395377421906837
0.3-0.2,0.5813334385553995,419.5087475205534,2179.9290585403023,0.002932948526631663,4916.748046875,-171.47528711954752,109.70362854003906,30.240397135416668,21.934611320495605,4.91225787003835,-5.896101156870524,-16.764583587646484,-23.831703503926594,-28.50051498413086,-29.562334060668945,-28.02010218302409,-23.93811289469401,-18.43597920735677,0.026747534371073318,0.01997376730787437,0.017300612489786243,0.01751704480254072,0.020972814276319696,0.03313363124228393,0.11092534164587657,0.47661887605985004,1.0,0.7037790417671204,0.17518744928141436,0.04457158983374635
0.3-0.3,0.5893341104189554,419.254678211452,1687.3310524736382,0.0014434074600404804,3043.359375,-191.8027203877767,122.42589823404948,39.097487131754555,28.14129384358724,9.657094319661459,-2.023801565170288,-13.520469029744467,-21.089829126993816,-26.1718012491862,-27.56658109029134,-26.286555608113606,-22.406026522318523,-17.0585880279541,0.023563718488124625,0.017990605391484376,0.016282423594020656,0.017325303232003837,0.021694568244129186,0.03500122129723119,0.1151144914329052,0.48431162039438885,1.0,0.6897734006245931,0.16438451843957105,0.03971176305397724
0.3-0.4,0.5971065362294515,419.1349360521201,1113.157016421975,0.0003454982802224839,1169.970703125,-224.05387115478516,140.82462565104166,46.86347452799479,31.460875193277996,11.790234883626303,-0.3862244486808777,-12.293937047322592,-20.185051600138348,-25.50983460744222,-27.071342786153156,-25.902910550435383,-22.088400840759277,-16.77997589111328,0.0213440704549915,0.016603767306908896,0.015563084737095778,0.017172417972384817,0.02216610151178126,0.03624629010058319,0.11789795073370139,0.4895150562127431,1.0,0.6800182859102885,0.15681373638411364,0.03631961974315345
0.3-0.5,0.6035635073979696,419.27745549975094,1358.023831886183,0.0008642063771907627,2153.3203125,-209.932736714681,134.57233174641928,43.33769734700521,29.630327224731445,10.734044551849365,-1.0857849220434825,-12.784899393717447,-20.530805587768555,-25.749854405721027,-27.239720980326336,-26.026754061381023,-22.188308715820312,-16.86865997314453,0.02239126582693037,0.01725805845353534,0.01590281306956361,0.017245085128100374,0.021944620537396986,0.03566078828104461,0.11659082832435767,0.48707719643910724,1.0,0.6846132874488831,0.16038671446343264,0.03791995120506423
0.3-0.6,0.6091787417729696,419.5255799372967,2040.6463929769614,0.002431522744963608,4407.12890625,-171.90510050455728,113.4527359008789,33.28022003173828,24.397584915161133,6.977639277776082,-4.116544802983602,-15.210348765055338,-22.465349833170574,-27.293787320454914,-28.489824930826824,-27.058396339416504,-23.066089312235516,-17.63604164123535,0.025641926305373392,0.01928533521989569,0.016947981400183682,0.017452164885071397,0.02122641356860792,0.03378760836009557,0.11239508104821046,0.4793202479680379,1.0,0.6989064613978068,0.17143977185090384,0.04288420619559474
0.3-0.7,0.6154621243476868,419.6082642681742,2262.7259158000147,0.0033071247556327767,5211.03515625,-162.48236465454102,108.12124633789062,29.01715151468913,21.022188186645508,4.231242497762044,-6.399998426437378,-17.124629974365234,-24.071353912353516,-28.639143625895183,-29.617843627929688,-28.00913429260254,-23.875709851582844,-18.33485698699951,0.027539870655042858,0.020466109595114784,0.0175513951527743,0.017559486171497458,0.020784545318747405,0.032653338401966416,0.10984592450161774,0.4746636251608531,1.0,0.7072644829750061,0.17786506998042265,0.045779907901305705
0.3-0.8,0.6232815384864807,419.4292522988737,2068.4943221679914,0.0025258575726943276,4507.6171875,-168.57295862833658,112.72940317789714,32.71414883931478,23.954662958780926,6.615497827529907,-4.422821521759033,-15.47299575805664,-22.691150665283203,-27.48765500386556,-28.656445185343426,-27.202508608500164,-23.192330678304035,-17.748531659444172,0.025846713291078533,0.01941336586620916,0.017014109714637016,0.017465991448261775,0.021182293580447247,0.033671510027488694,0.11213347998758157,0.4788222511609395,1.0,0.6998139222462972,0.17213737467924753,0.043197249547423176
0.3-0.9,0.6319289207458496,419.1888871813847,1419.177569952639,0.0009508517788814541,2275.341796875,-201.0853182474772,131.67223612467447,42.712443033854164,29.49915377298991,10.549690246582031,-1.2702818314234416,-12.924735387166342,-20.63916524251302,-25.83626906077067,-27.31138737996419,-26.0869566599528,-22.24144744873047,-16.916881879170734,0.022564289586928982,0.01736662634084496,0.015959555625613575,0.017258551214278366,0.02191034264130091,0.035567990358686075,0.11638262495398521,0.4866713285446167,1.0,0.6853797237078348,0.1609799892952045,0.038184855957903586
0.4-0.0,0.5693170527617136,485.08249081035143,855.428754078946,0.00010745801339896229,739.306640625,-247.50200398763022,160.70694478352866,42.48229090372721,22.45950190226237,3.1954798698425293,-11.943708101908365,-21.70617961883545,-28.840891520182293,-29.930336634318035,-27.836074193318684,-21.918155034383137,-14.122812589009603,-5.867324590682983,0.532468318939209,0.08873173408210278,0.02612205976280772,0.015033867194688355,0.011756758260617062,0.011181213271735638,0.012474509893309005,0.016489244174711832,0.02702562741372579,0.08565571593741576,0.45969964067141217,1.0
0.4-0.1,0.5759193698565165,485.08037007711937,732.8659607689636,4.071745256065826e-05,653.173828125,-257.9071451822917,170.48516337076822,41.485801696777344,22.007041931152344,3.3644995441039405,-11.87523110707601,-21.70404307047526,-28.826250076293945,-29.930952072143555,-27.833126703898113,-21.920626004536945,-14.120584646860758,-5.867140611012776,0.532126267751058,0.0885234655191501,0.026007992957602255,0.014964932367850755,0.011714787298084653,0.011162511228349103,0.012477857999935319,0.016517897851372254,0.027088681895596285,0.08579325086126725,0.45997005701065063,1.0
0.4-0.2,0.5825719038645426,485.10237072392147,930.6199418846139,0.00014955340448650781,796.728515625,-238.46092224121094,155.01471455891928,42.806592305501304,23.416297912597656,2.107450917363167,-11.020604610443115,-22.45594596862793,-28.29987335205078,-30.289915720621746,-27.62695852915446,-21.99761168162028,-14.133753299713135,-5.798550367355347,0.532682865858078,0.08886115842809279,0.02619338383131738,0.015076978042998235,0.011782930296021732,0.011192643141498593,0.012472038900038266,0.016470494400588603,0.026985035961843096,0.08556655452897151,0.45952950914700824,1.0
0.4-0.3,0.5892762740453085,485.14667277735947,1231.1346241183903,0.0004038112049018129,1270.458984375,-213.9210637410482,137.4897918701172,42.05799865722656,23.87781588236491,1.9373781085014343,-11.185625712076822,-22.527839024861652,-28.34781837463379,-30.29839324951172,-27.63081709543864,-21.993562698364258,-14.13736089070638,-5.802658160527547,0.5340927143891653,0.08971669059246778,0.026662994673339806,0.015360796533968823,0.011955543439171379,0.011268986418864793,0.012457306551975003,0.016350476012424526,0.026722511533686582,0.08499233797192574,0.4584115942319234,1.0
0.4-0.4,0.5960364937782288,485.2096385818398,1490.6082148988105,0.0007695585378015108,2081.54296875,-197.2372080485026,128.15290069580078,38.95260492960612,23.223923365275066,1.6937840779622395,-11.401579856872559,-22.685048421223957,-28.440507888793945,-30.3419246673584,-27.64901288350423,-22.00075626373291,-14.144182523091635,-5.811661720275879,0.5261247356732687,0.08913765878727038,0.027110557345925674,0.015708957589292066,0.012163270936980553,0.01134777889429491,0.012401334346880807,0.0161400819154854,0.026380669728193123,0.08553271523366372,0.46430204312006634,1.0
0.4-0.5,0.6028586030006409,485.28591528651873,1708.020101511857,0.001216838990562745,2957.2265625,-184.85250600179037,122.0491434733073,35.941532135009766,21.94450092315674,1.0702309608459473,-11.785006523132324,-22.938616116841633,-28.601531982421875,-30.434878667195637,-27.6986567179362,-22.026482264200848,-14.160045623779297,-5.824551661809285,0.5287983119487762,0.0907591733460625,0.028003747055966716,0.01625050391461021,0.012491471391892143,0.011492111438959304,0.01237104752256831,0.01590671819394629,0.02587059113526872,0.08440464176237583,0.46211297313372296,1.0
0.4-0.6,0.6097503304481506,485.3692466732694,1888.1316446761593,0.0017087187157897247,3689.35546875,-175.37656911214194,117.57321675618489,33.23955980936686,20.428392728169758,0.15974696477254233,-12.3834015528361,-23.34662437438965,-28.877613067626953,-30.61572774251302,-27.814015070597332,-22.099725087483723,-14.208673477172852,-5.859327634175618,0.5318010350068411,0.09257874141136806,0.029007503973843995,0.016859069583309367,0.012860038456210532,0.011653556617109947,0.012335752444262956,0.015642119352075195,0.02529348233656492,0.08312663342803717,0.4596379299958547,1.0
0.4-0.7,0.6167199810345968,485.45260683785074,2035.7465583610774,0.0022041891552006137,4263.57421875,-168.10533014933267,114.02136993408203,30.795089721679688,18.812649408976238,-0.9534563223520914,-13.185332616170248,-23.934354782104492,-29.30710728963216,-30.925621032714844,-28.035614013671875,-22.258368810017902,-14.324159940083822,-5.945430517196655,0.5348820090293884,0.09444374063362677,0.03003775167114024,0.017483749665492116,0.013238098174724655,0.011818440820889009,0.012298126498232401,0.015367879315817845,0.024696758278878406,0.08180338672051828,0.4570808509985606,1.0
0.4-0.8,0.6237760980923971,485.5291296870931,2154.578393615647,0.0026615421138329984,4701.416015625,-162.63618850708008,111.03141784667969,28.52935568491618,17.13494364420573,-2.230064074198405,-14.18099594116211,-24.717557907104492,-29.922181447347004,-31.405988057454426,-28.40967305501302,-22.550243695576984,-14.553707122802734,-6.127702395121257,0.5377829869588217,0.09619783392796914,0.031008132515125908,0.01807211433545793,0.01359394709887359,0.01197298427238517,0.012261433184297251,0.015107176494590627,0.024130804207137164,0.08054654952138662,0.45465760429700214,1.0
0.4-0.9,0.6309266289075216,485.5925859763185,2246.970250047609,0.003041903799370324,5024.4140625,-158.72562662760416,108.39669036865234,26.373305956522625,15.393163045247396,-3.662980079650879,-15.376788457234701,-25.7199764251709,-30.761850357055664,-32.1077512105306,-28.995886484781902,-23.040911356608074,-14.966191291809082,-6.4760769208272295,0.5402591625849406,0.09769399898747604,0.0318369032999423,0.018574655640501685,0.013897709029076092,0.012104380117231509,0.012229102398274941,0.014882641677710732,0.023644331440057915,0.07946490899970134,0.4525757630666097,1.0
0.5-0.0,0.5693211257457733,551.5342314536903,2252.1952914412254,0.0028863764995820363,4895.21484375,-168.84406153361002,108.02331797281902,22.704671223958332,8.59156003097693,-12.407727241516113,-24.323201497395832,-32.925293604532875,-34.47687276204427,-31.17213249206543,-23.118626594543457,-12.891824722290039,-2.049628734588623,7.175925095876058,0.4506623049577077,1.0,0.4317772090435028,0.06990487004319827,0.02362307879108509,0.014363379882524896,0.010787635420721623,0.00944527131967258,0.009776385742118995,0.012721022157469028,0.021634306244474526,0.06664392088229458
0.5-0.1,0.5756883422533671,551.400875016499,2045.526586980156,0.0021255441637319634,4127.197265625,-174.5915044148763,113.96363321940105,27.0698029200236,11.730366865793863,-10.061184883117676,-22.50566037495931,-31.49659029642741,-33.35141626993815,-30.287757873535156,-22.423433303833008,-12.342740535736084,-1.6121066013971965,7.527150472005208,0.4457812209924062,1.0,0.4354517062505086,0.06892339993889134,0.022602118914316332,0.013689303052312122,0.01037649540288991,0.009281841201830806,0.009871228542579047,0.013150905624267276,0.022584245484419323,0.0675943576109906
0.5-0.2,0.5821104645729065,551.2601016765744,1741.2471712721006,0.0012541481221979536,2906.982421875,-186.58884302775064,122.28296915690105,31.879311243693035,14.330205599466959,-8.504889170328775,-21.459529876708984,-30.765200932820637,-32.84532165527344,-29.948482513427734,-22.200866381327312,-12.197441101074219,-1.5148325165112813,7.593791802724202,0.43294356266657513,1.0,0.4469081362088521,0.06885271519422531,0.021593460826503968,0.012984857692572405,0.00993095699194176,0.009088599637853653,0.009925743057844253,0.013507503294325337,0.02346249623951735,0.06768478748078148
0.5-0.3,0.5886542797088623,551.1499666453002,1318.5264234317926,0.000510051449281658,1543.212890625,-208.83206176757812,137.52130381266275,36.652365366617836,15.466354688008627,-7.906502405802409,-20.982824961344402,-30.45460319519043,-32.664672215779625,-29.859551747639973,-22.16222318013509,-12.18534549077352,-1.509976863861084,7.596367518107097,0.4364774823188782,1.0,0.44349291920661926,0.06695820360134046,0.020546197295819486,0.012327020396090424,0.009538658232562133,0.00893629294313314,0.010028587067154149,0.013954811900172595,0.0244174683127009,0.06954365922138095
0.5-0.4,0.5953739285469055,551.1009058404544,924.4512356938518,0.00011741366010671623,811.083984375,-236.58429972330728,160.32366434733072,36.77621714274088,14.616979281107584,-6.887324968973796,-21.55160967508952,-29.745562235514324,-33.113355000813804,-29.471457799275715,-22.43421808878581,-12.024099826812744,-1.5997151136398315,7.614824930826823,0.42993276317914325,1.0,0.4500006437301636,0.06716559020181496,0.020163447565816266,0.012048649806426207,0.009357988216379454,0.00885270993510782,0.010034222774417382,0.0140617783633085,0.024719125790094647,0.06941489999492963
0.5-0.5,0.6022986570994059,551.1267438069377,1047.7719181134837,0.00024144625593815465,1033.59375,-227.2040761311849,154.35179392496744,35.96382077534994,14.861786206563314,-6.865086078643799,-21.623301823933918,-29.782827377319336,-33.12615458170573,-29.471243540445965,-22.43087387084961,-12.018771966298422,-1.5960631370544434,7.617656548817952,0.42939184109369916,1.0,0.4505397081375122,0.0674662188005944,0.020328530938665306,0.012152340349227112,0.009420076370436922,0.008877401014084777,0.010019565001698538,0.013994089811906937,0.024572757426843356,0.06913040004049738
0.5-0.6,0.6094259818394979,551.2204772068487,1532.9086550902732,0.0008296464031955215,2131.787109375,-192.70110575358072,128.8724365234375,34.593559900919594,15.238450368245443,-8.088328997294107,-21.175141016642254,-30.57052230834961,-32.72464116414388,-29.882278442382812,-22.16653569539388,-12.179676214853922,-1.503204345703125,7.602935949961345,0.43499061465263367,1.0,0.44493843118349713,0.06776341314737995,0.02099041495481894,0.012605979952240887,0.00970520721474107,0.009001345420377524,0.00998594592867145,0.013766904614991896,0.024015753268031403,0.06876306779061754
0.5-0.7,0.6167214711507162,551.3562288073571,1897.4485152714822,0.0016629855387065712,3538.623046875,-173.84970092773438,117.9177754720052,29.541067123413086,13.191686471303305,-9.134587287902832,-21.868770599365234,-31.04382578531901,-33.02936681111654,-30.061772028605144,-22.265717188517254,-12.231794675191244,-1.5321342547734578,7.585933685302734,0.43941327929496765,1.0,0.4409003754456838,0.06880053350081046,0.02205353213624524,0.013310007097364481,0.01013819811881452,0.009180075185705997,0.009905324098705629,0.013353224490553353,0.02307119781714088,0.0677029447009166
0.5-0.8,0.6241252024968466,551.496653122154,2153.715726390517,0.0025113573459120656,4536.328125,-162.7888323465983,110.98489379882812,24.9752934773763,10.301738659540812,-11.080018679300943,-23.264134724934895,-32.07022349039713,-33.78409067789713,-30.610496520996094,-22.66216532389323,-12.519023259480795,-1.7431375583012898,7.429172833760579,0.44374967614809674,1.0,0.43731213609377545,0.06995639593030016,0.023178765769747162,0.014051226227365987,0.010590812819107972,0.00936164784553739,0.009805706963788907,0.012889060565309288,0.022037802380509675,0.06652894569560885
0.5-0.9,0.6315663655598959,551.6036163815202,2319.074329231417,0.003145509244872087,5132.080078125,-157.15218861897787,105.62095642089844,20.71599054336548,6.959520181020101,-13.774473190307617,-25.485815048217773,-33.92027791341146,-35.32940419514974,-31.902602513631184,-23.745546023050945,-13.431904157002768,-2.517374118169149,6.76885191599528,0.4491874972979228,1.0,0.4330896735191345,0.07063244904081027,0.024031599972659023,0.014619648039873331,0.010938692772318367,0.009500046337715654,0.0097262586175475,0.012529159820587665,0.02123869440886968,0.06587062077596784
0.6-0.0,0.5699833631515503,617.5161461061207,2356.756370515257,0.003105259501159238,5117.724609375,-167.6561737060547,103.8421122233073,15.7298144698143,-0.7897165616353353,-22.626209259033203,-33.211116790771484,-38.311639149983726,-34.798316955566406,-25.95671272277832,-13.1848783493042,-0.1992765267690023,10.762130896250406,17.42410135269165,0.016682637269695988,0.05466610239818692,0.423251211643219,1.0,0.38963689903418225,0.055349397007375956,0.01973097883819719,0.01202763346896063,0.009008202128730622,0.008007941590875589,0.008485117606520967,0.010221729640155294
0.6-0.1,0.5755675037701925,617.2979654930028,1915.9437826975384,0.0017989276681818133,3409.423828125,-182.78476206461588,117.95101674397786,24.24545129140218,4.332871675491333,-19.082478841145832,-30.492916107177734,-36.166884104410805,-33.104352951049805,-24.622948964436848,-12.12829033533732,0.6480966806411743,11.453755219777426,17.99606927235921,0.017931627029611263,0.05627402119959394,0.4128726124763489,1.0,0.39784206946690875,0.05468542532374462,0.01847363542947278,0.011181123708108013,0.008543985522843892,0.007933408978971102,0.008873388868854212,0.01105642569033686
0.6-0.2,0.5812941789627075,617.1703001080509,1383.9290378629983,0.0005028199526235437,1507.32421875,-206.0766626993815,135.7619857788086,31.64085578918457,7.339564959208171,-17.248804410298664,-29.136189142862957,-35.20027542114258,-32.44090016682943,-24.185627301534016,-11.843928337097168,0.830361008644104,11.573543389638266,18.074137369791668,0.01925604983625817,0.05867423458645741,0.4110255440076192,1.0,0.39986422657966614,0.05318757689868411,0.017134049117278966,0.010317801078523795,0.008073612326768398,0.007857478714555555,0.00924672229261129,0.011868466150190216
0.6-0.3,0.5886319478352865,617.3334320971677,1693.685531183909,0.0013404299685639024,2763.427734375,-191.6368776957194,126.57542673746745,27.02433490753174,5.265749849379063,-18.344676335652668,-29.844891866048176,-35.67972373962402,-32.75146166483561,-24.36992899576823,-11.943708896636963,0.7826103394230207,11.55406141281128,18.070255597432453,0.018289535534374107,0.05650321782256166,0.40681642293930054,1.0,0.4030029277006785,0.0547717809677124,0.018079562126634603,0.010900907395049822,0.008383032988850422,0.00789403039489874,0.008988285010218533,0.011335451324915388
0.6-0.4,0.5966894229253134,617.5340818863486,2307.7048875739506,0.002893792155556392,4931.103515625,-165.52360026041666,104.39480590820312,15.827818552652994,-1.034565192957719,-23.076592127482098,-33.78158950805664,-38.955334981282554,-35.48672103881836,-26.670087814331055,-13.907919883728027,-0.9202385246753693,10.051938851674398,16.730478286743164,0.016742448298221763,0.054188837918142475,0.41551758845647174,1.0,0.3953774074713389,0.05588828554997841,0.01963389140170572,0.011932336417961173,0.00894809797311306,0.007986493844384768,0.00852742650207953,0.010329819844628219
0.6-0.5,0.6035372416178385,617.459740078994,2286.5669690195323,0.0028177637923785023,4844.970703125,-165.11200332641602,105.00471750895183,16.240084966023762,-0.7689541180928549,-22.89872105916341,-33.65736071268717,-38.867851893107094,-35.426405588785805,-26.63019307454427,-13.882759730021158,-0.9050502230723699,10.060879866282145,16.735658804575603,0.01683556940285295,0.054398097873975836,0.4159192144870758,1.0,0.39509583512942,0.0557432877831161,0.019546528369877098,0.0118785610913316,0.00892006301520117,0.007984278677819626,0.008552711266702318,0.010380253667941966
0.6-0.6,0.609228273232778,617.2292387820038,1625.136464177556,0.0012175815942095725,2619.873046875,-192.2497876485189,129.8337885538737,27.503868738810223,5.35980882247289,-18.15026028951009,-29.68513361612956,-35.58419100443522,-32.68931198120117,-24.331894874572754,-11.921557426452637,0.7930366595586141,11.558554490407309,18.07066535949707,0.018428026844048873,0.056813643934826054,0.40741657217343646,1.0,0.4025525649388631,0.05454106473674377,0.017942299141092615,0.010816292805050884,0.008337987740939449,0.007888380256834656,0.009025103083975713,0.011411752246810162
0.6-0.7,0.61575980981191,617.1943003057319,1374.7228540266394,0.0005300641452882045,1600.634765625,-201.7841059366862,137.1203358968099,31.256507873535156,7.073564688364665,-17.25909487406413,-29.12518246968587,-35.211124420166016,-32.44862747192383,-24.188622156778973,-11.843060175577799,0.8319457372029623,11.576044400533041,18.076263745625813,0.019221841921535088,0.05859758611768484,0.41087718804677326,1.0,0.3999766210714976,0.053245288164665304,0.017168266748437116,0.010338898069221614,0.008084858970524541,0.007858944879690929,0.009237661667270913,0.011849630901754912
0.6-0.8,0.6239748199780782,617.4155462517177,1968.5322890291864,0.0019275249608715981,3603.22265625,-172.59771601359049,116.14597447713216,23.389563242594402,3.9272309939066568,-19.353689193725586,-30.71237055460612,-36.34148661295573,-33.23740895589193,-24.721105575561523,-12.200137774149576,0.5953602492809296,11.414307435353598,17.96625264485677,0.01777907003755293,0.055931610676149525,0.4122133453687032,1.0,0.3983231484889984,0.05493235246588787,0.01862129764231213,0.011272104217520488,0.00859195387594506,0.00793843914275764,0.008832411769882734,0.010973080160814183
0.6-0.9,0.6322350104649862,617.5439311393711,2363.424096417711,0.0031361101822319545,5146.435546875,-157.12714004516602,103.79243977864583,15.739894906679789,-0.7340240478515625,-22.542940775553387,-33.11190414428711,-38.2031618754069,-34.68487294514974,-25.8414732615153,-13.070456663767496,-0.08776297171910603,10.869165579477945,17.525654792785645,0.016648083493540373,0.054588453068087496,0.4231026868025462,1.0,0.3897390166918437,0.05540201199861864,0.019762751449889038,0.012047179496448734,0.009018296723752428,0.008008549692050337,0.008475687238880406,0.010203188045276571
0.7-0.0,0.5690491298834482,683.2904825257607,1871.9034016596017,0.0018354047600631935,3251.513671875,-191.63958613077799,120.28257878621419,17.53494135538737,-5.795511921246846,-28.83116404215495,-37.35480753580729,-38.128823598225914,-29.180328369140625,-15.433550516764322,0.15942649046579996,12.882986386617025,20.411893208821613,21.30213197072347,0.007317917448328141,0.009382254597464149,0.015488574690607493,0.04580373348047336,0.38183484474817914,1.0,0.3712223470211029,0.045014666160568595,0.015574218520062763,0.009524303514335012,0.007328401161629472,0.0069212439911297
0.7-0.1,0.574552595615387,683.3754608028461,1702.6167907722604,0.0011982508300446351,2627.05078125,-194.5341033935547,126.49442291259766,22.110928853352863,-2.4901050130526223,-26.344868977864582,-35.416025161743164,-36.59498405456543,-27.96550114949544,-14.47526486714681,0.9142460326353709,13.47958246866862,20.887900988260906,21.68676471710205,0.007564602686272792,0.009854621541838545,0.016363762214192928,0.04766413887652258,0.3857378164927165,1.0,0.3696315785249074,0.044214596739038825,0.015044800743150214,0.009206842382165329,0.007197782921148625,0.00699688786560652
0.7-0.2,0.5834782719612122,683.4050059568598,2264.919398430298,0.002599875443355236,4622.4609375,-169.5717862447103,106.43302917480469,13.78492522239685,-6.110733151435852,-28.737415949503582,-37.243734995524086,-37.936314264933266,-28.925193150838215,-15.142030080159506,0.4546425938606262,13.16405725479126,20.663604736328125,21.52189000447591,0.007062543485157373,0.00894712264653208,0.014674479753011838,0.044713437712440886,0.3859006663163503,1.0,0.3662795076767604,0.04507372869799534,0.016015433012398717,0.009814387698478791,0.007453654515690762,0.00684685031611328
0.7-0.3,0.5887853105862936,683.2872877526761,1750.6240720476296,0.001675391696440439,3079.248046875,-195.63259760538736,127.77865091959636,17.915602207183838,-5.36177134513855,-28.045132319132488,-36.72629419962565,-37.63566144307455,-28.748761494954426,-15.071507136027018,0.4694643020629883,13.144662539164225,20.638310432434082,21.495662053426106,0.0073752252970014824,0.009491912545854575,0.015691708054873743,0.04623569633501271,0.38274021943410236,1.0,0.3708571394284566,0.044830102706328034,0.0154518293423583,0.009450916769670433,0.0072982806544909335,0.006938908782937385
0.7-0.4,0.5949101050694784,683.3890644477742,1649.2586102113794,0.0012831996530388667,2713.18359375,-196.87572860717773,131.45165888468424,20.641949971516926,-3.3880563179651895,-26.570105234781902,-35.59101676940918,-36.75274149576823,-28.063765207926433,-14.544487635294596,0.872169037659963,13.451597531636557,20.873183568318684,21.677033106486004,0.007527247226410812,0.009782825670299644,0.016230651480024488,0.04738170513883233,0.3851463298002879,1.0,0.36987904210885364,0.04433923098258674,0.015126661766771576,0.009255944247418787,0.007218172043347219,0.006985681821054375
0.7-0.5,0.6040627956390381,683.3931274874622,2283.5388811521293,0.002653769295680983,4708.59375,-165.10223261515299,106.17363739013672,13.8061892191569,-5.926046967506409,-28.497846603393555,-37.00158182779948,-37.710147857666016,-28.720765431722004,-14.960606575012207,0.6130829354127248,13.300453980763754,20.779499053955078,21.619386672973633,0.007046740731576999,0.008968341652007439,0.014705843940949611,0.04544230930817624,0.39389464259147644,1.0,0.3600284457206726,0.04440705648933848,0.0159582688077838,0.00980457307650795,0.007457143468400318,0.00684680239582273
0.7-0.6,0.6092160940170288,683.286834241424,1623.8653539434617,0.0015166698921670952,2935.693359375,-201.71815872192383,138.01247914632162,16.18288564682007,-4.994836350282033,-26.335267384847004,-37.34308687845866,-36.349191665649414,-29.117233276367188,-14.363165378570557,0.4045790235201518,13.405342737833658,20.783817291259766,21.505727132161457,0.007430855204158131,0.009598434712188464,0.0158891087739903,0.0466552982882907,0.3836195468902588,1.0,0.37049904465675354,0.04464945065168043,0.015332355842777664,0.009379264462609171,0.007268791893845143,0.006955957654696476
0.7-0.7,0.6160281896591187,683.4014674688929,1590.2868243688451,0.001386531024088736,2813.671875,-201.3730239868164,139.22570419311523,17.08606227238973,-4.340811292330424,-25.848125457763672,-36.97009150187174,-36.060638427734375,-28.894495646158855,-14.192827065785727,0.5335298826297125,13.502093633015951,20.8560692469279,21.559739748636883,0.007481703868923735,0.009695381675707418,0.016068572173632372,0.047037657272691526,0.3844253520170848,1.0,0.3701777656873067,0.044489861854041614,0.015225864062510178,0.009315434715195655,0.007242806752799424,0.006971935737738022
0.7-0.8,0.6253188451131185,683.3798669062135,2289.686567399997,0.002671685380851115,4737.3046875,-161.35242716471353,106.09031168619792,13.813217083613077,-5.865578055381775,-28.419020970662434,-36.92190742492676,-37.636163075764976,-28.65457534790039,-14.902645428975424,0.6629449153939883,13.342685063680014,20.814765294392902,21.648501714070637,0.0070413185709033614,0.008957897179319238,0.014686751825138344,0.045400923661266766,0.3938087522983551,1.0,0.36005906263987225,0.04442281438969076,0.015968993297671357,0.009810955120011991,0.007459560561007568,0.006844911810404142
0.7-0.9,0.6303772528966268,683.2890822836557,1590.0008048950476,0.001382961800625716,2813.671875,-199.1071866353353,139.227902730306,17.089456001917522,-4.33687839905421,-25.8465150197347,-36.96814219156901,-36.061767578125,-28.896770477294922,-14.196541786193848,0.5289659549792608,13.498517831166586,20.852731386820476,21.5582332611084,0.007482483823783544,0.009697404445735932,0.016072498606566416,0.04704497358761728,0.3844366172949473,1.0,0.37016404668490094,0.04448071393805245,0.015220916588077671,0.009312434551115226,0.007241226622814641,0.006971694905838414
0.8-0.0,0.5690474410851797,749.4962477180551,1749.5785234233842,0.0017549476318389483,3237.158203125,-208.64155197143555,131.2209726969401,5.225456237792969,-16.15724054972331,-36.44931411743164,-43.16747283935547,-36.05779457092285,-22.870912551879883,-3.9373799860477448,11.278323491414389,21.035594940185547,22.151248931884766,15.72548739115397,0.005944629733455997,0.006277827423602389,0.008243304329369039,0.013416464566944342,0.03855076556404432,0.35571012397607166,1.0,0.3470293829838435,0.038123538407186665,0.01349207478703344,0.008219430213415535,0.006384492873195313
0.8-0.1,0.5758237242698669,749.2998968852366,1815.1783122229535,0.0017803457697749348,3258.69140625,-201.5802485148112,124.99925740559895,7.417625745137532,-16.035733858744305,-37.41801071166992,-42.08318519592285,-37.02360153198242,-22.124131202697754,-4.460494518280029,11.58892285823822,20.905216534932453,22.150348663330078,15.820157051086426,0.005921476113963801,0.006290789378904075,0.008265780665624334,0.013560032242215433,0.03985051065683365,0.3711688717206319,1.0,0.3337402045726776,0.03681681491434574,0.013285195603051156,0.008147670082261508,0.006366375464954406
0.8-0.2,0.5818763573964437,749.5428916644915,1799.8834082514666,0.0017617592584151815,3215.625,-199.7661272684733,126.78499348958333,9.068868001302084,-14.511847178141275,-36.002394358317055,-40.76374499003092,-35.79396629333496,-20.97961648305257,-3.3958741823832193,12.580174763997396,21.83040142059326,23.016796112060547,16.634390830993652,0.0059741089498004385,0.006317960092076191,0.008306477100745724,0.013522744547117327,0.03880408965051174,0.3562812755505244,1.0,0.34733015795548755,0.038225563165421285,0.013520818867770382,0.008237626337707601,0.00640543771219626
0.8-0.3,0.5896506905555725,749.2594487800394,1955.02092909559,0.001875992069463999,3366.357421875,-187.21674092610678,116.19809850056966,10.749528249104818,-14.199378967285156,-36.201847076416016,-40.81511243184408,-35.7927500406901,-20.99316342671712,-3.3827032248179116,12.590007623036703,21.84932867685954,23.02712599436442,16.643714269002277,0.0058934919805958925,0.006252428397175436,0.00820559216468079,0.01345809780680914,0.039604763655612864,0.3706311782201131,1.0,0.3334512710571289,0.03672295451785127,0.013258291181955428,0.00813040496711892,0.006346149606237361
0.8-0.4,0.5950382351875305,749.5759571056393,1923.4491628341473,0.0017811060539272977,3258.69140625,-186.12085978190103,118.15508270263672,12.39524221420288,-12.82709789276123,-35.040304819742836,-39.82421875,-34.949785232543945,-20.28124237060547,-2.785094896952311,13.09160296122233,22.273437182108562,23.390616099039715,16.96025212605794,0.0060008395191767745,0.00635449039689225,0.008364097000821857,0.013619760933882693,0.03903499866525332,0.3568019171555837,1.0,0.34760118027528125,0.03831698357438048,0.013546294022489747,0.008253770141512481,0.00642426472249961
0.8-0.5,0.6037430564562479,749.2349903217573,2059.5247432318815,0.0019547054549988677,3624.755859375,-177.5437266031901,112.23025258382161,11.512564500172934,-12.615127563476562,-35.02856318155924,-39.90882428487142,-34.996835708618164,-20.292094548543293,-2.771091421445211,13.116344134012857,22.301425615946453,23.41243616739909,16.972537994384766,0.005870068541725004,0.006220320328968872,0.008155187543726091,0.013372729814970322,0.03939906142962476,0.37018083532651264,1.0,0.3332090377807617,0.03664453785556058,0.013235847769162016,0.0081159980745061,0.0063292504330026604
0.8-0.6,0.6085846424102783,749.5918550536286,2013.1878681284713,0.0017956634988500087,3459.66796875,-177.29374186197916,114.28834915161133,13.06504221757253,-11.46796957651774,-34.15628242492676,-39.23302777608236,-34.476593017578125,-19.900658925374348,-2.484514315923055,13.32287629445394,22.45189158121745,23.52738157908122,17.067062377929688,0.006021920986183223,0.0063834043269016165,0.008409828838523481,0.013696746959188507,0.0392180879910787,0.3572140832742055,1.0,0.34781282643477124,0.03838814150852462,0.01356587208253283,0.008266188664398063,0.00643895386407678
0.8-0.7,0.61806587378184,749.2290913374754,2126.2904452713155,0.002010270216459536,3911.865234375,-170.93055852254233,110.27357991536458,11.7040829261144,-11.738714853922525,-34.24278958638509,-39.319740295410156,-34.54041290283203,-19.92576281229655,-2.4745025634765625,13.352797349294027,22.487260182698567,23.556002934773762,17.082651138305664,0.005858273152609191,0.0061823478352825605,0.008095639893042517,0.013219902301292072,0.038546278684710465,0.36192522943019867,1.0,0.3395392994085948,0.03720064119746288,0.013311978727718573,0.008134881332997187,0.006320669717136222
0.8-0.8,0.6225621700286865,749.5888489630923,2064.777536968641,0.001804200311981405,3675.0,-171.59380340576172,112.53245544433594,13.202121257781982,-10.787728945414225,-33.60714848836263,-38.875099182128906,-34.2319278717041,-19.723743438720703,-2.3548142512639365,13.415157000223795,22.516143163045246,23.571173032124836,17.097415924072266,0.006029704843292905,0.00641584191424253,0.008462139258332021,0.013838491097582542,0.04003015183843672,0.36522676547368366,1.0,0.34130653738975525,0.03778879057305554,0.013480387762380511,0.008242109165649936,0.006444175595556582
0.8-0.9,0.632591962814331,749.2421203609032,2156.7932337232264,0.0020375638274493834,4069.775390625,-166.75099817911783,109.48752848307292,11.746070543924967,-11.375431060791016,-33.8853874206543,-39.047417322794594,-34.339829762776695,-19.77567450205485,-2.360781987508138,13.437869548797607,22.549474080403645,23.600064595540363,17.113112767537434,0.0058502857954110254,0.006171332727409625,0.008078215690640414,0.013190466104788356,0.03847596165724099,0.36176979541778564,1.0,0.33945833643277484,0.03717423835769296,0.01330470333565851,0.008130229398290112,0.006315074324807786
0.9-0.0,0.5679687261581421,815.8056668908251,2305.98306029471,0.0024631478208034206,4464.55078125,-176.19890340169272,103.39328002929688,3.4460847973823547,-20.253116607666016,-40.331260681152344,-40.22099812825521,-29.026517232259113,-9.215950806935629,9.951550642649332,22.982585589090984,25.54754384358724,18.578827540079754,5.586692492167155,0.007501074537017871,0.00576830395529034,0.005213203162124813,0.005582741436015226,0.007099249645117804,0.011569543482740604,0.03319514876541992,0.336132417122523,1.0,0.323562557498614,0.03326264361385256,0.012272538056852985
0.9-0.1,0.576235850652059,815.1828388055696,1794.1754951001612,0.0015300767317537667,3043.359375,-201.70782979329428,127.28635915120442,4.779341379801433,-20.069154739379883,-39.95540873209635,-39.96740595499674,-28.883712768554688,-9.105963389078775,9.998648961385092,23.018508911132812,25.555116653442383,18.58073552449544,5.571402947107951,0.007015321292906644,0.005504262799090516,0.005118304235338655,0.005642482782919937,0.007309920635416726,0.011960901694010317,0.03375059886214634,0.3372959991296132,1.0,0.31919481853644055,0.03153328442325195,0.011441313829057739
0.9-0.2,0.5823987325032552,815.49347279854,1851.6785515967001,0.0017446346712568044,3244.3359375,-200.3725789388021,124.20248285929362,2.322809855143229,-21.993862787882488,-41.496437072753906,-41.225721995035805,-29.92071787516276,-9.962924480438232,9.291079998016357,22.435380935668945,25.075639724731445,18.186999320983887,5.247913599014282,0.007128898552238638,0.005577130946319879,0.005142388633860406,0.005635205539822626,0.0072747009732268,0.011924357946554665,0.03418435878120363,0.34461360176404315,1.0,0.3136773407459259,0.031508293080454074,0.011613001742565151
0.9-0.3,0.5882312258084615,815.6233313851047,2216.571125299343,0.002257430538412634,4055.419921875,-178.0440216064453,105.12022908528645,2.9885168075561523,-21.56074555714925,-41.648512522379555,-41.34134737650553,-29.96592076619466,-10.0085768699646,9.281766017278036,22.420231501261394,25.07739480336507,18.18683656056722,5.259124795595805,0.007381990366890061,0.005714106478856469,0.005191890679725475,0.005603718293881362,0.007164710509565945,0.011720415127380571,0.03389692500544091,0.3439863473176956,1.0,0.31595292190710705,0.03240432582485179,0.012045397127318816
0.9-0.4,0.5970259507497152,815.1094285470516,1969.0129802419185,0.0013662418356030007,3100.78125,-182.22878646850586,114.79471969604492,9.361059983571371,-17.473299026489258,-38.81517664591471,-39.22434043884277,-28.326499938964844,-8.723451296488443,10.289372444152832,23.208052317301433,25.689807573954266,18.660857836405437,5.626025517781575,0.006873185051716746,0.005426508526852558,0.005089470598195571,0.005658127363036651,0.007368630113641454,0.012070436630741218,0.03390212139735619,0.33761364221572876,1.0,0.31790820757548016,0.031026058131828904,0.011198210877334228
0.9-0.5,0.6016877492268881,815.7964765451461,2288.2796947551265,0.002420750214265205,4371.240234375,-171.5684560139974,103.70811716715495,3.366080125172933,-20.50173823038737,-40.588921864827476,-40.43876520792643,-29.202747980753582,-9.357664426167807,9.837804158528646,22.892021497090656,25.47596327463786,18.52261797587077,5.542590618133545,0.007451802303066302,0.005751585073826486,0.0052049015715904074,0.005593926378158661,0.007132588281090572,0.011661163808412311,0.03381098403284947,0.3438021143277486,1.0,0.31657348573207855,0.03265071377002945,0.012164733056730862
0.9-0.6,0.6102391282717387,815.2183906884216,1754.2838659144693,0.0015728259464276204,3093.603515625,-201.25763702392578,132.3094482421875,1.6588854789733887,-20.178227106730144,-39.823642094930015,-40.970174153645836,-28.36474355061849,-9.917716979980469,10.394158840179443,22.522888501485188,25.750940958658855,18.36330223083496,5.595639944076538,0.007023313276571723,0.005520202920260194,0.00512217613190676,0.005649078816022761,0.007321772780803333,0.01201141232233264,0.03430863539688289,0.34487858414649963,1.0,0.3127361585696538,0.031135087561172742,0.011432588448011908
0.9-0.7,0.617067833741506,815.4459701062736,1779.6033367544735,0.0016695699625625699,3179.736328125,-200.03922017415366,130.96461232503256,0.586911678314209,-21.01723289489746,-40.493019104003906,-41.51358159383138,-28.80914243062337,-10.281634330749512,10.096625487009684,22.28017298380534,25.55346743265788,18.203006744384766,5.465744098027547,0.007087042440270845,0.005554477763419404,0.005134191898522526,0.005640399506395018,0.007292852102409597,0.011958011508644025,0.0342317291845878,0.34471625586350757,1.0,0.31330182651678723,0.03136010883220782,0.011541509735631431
0.9-0.8,0.6229736010233561,815.663627841649,2249.284357155562,0.0023288730691677895,4198.974609375,-170.45016860961914,104.44596862792969,3.1727352142333984,-21.066431999206543,-41.16176096598307,-40.92525100708008,-29.60766665140788,-9.696181933085123,9.554625193277994,22.657021522521973,25.282201449076336,18.363591194152832,5.411903460820516,0.007412408909345913,0.005730498999836205,0.005197690342100714,0.005599676366119392,0.007151071623951566,0.011695209246757562,0.03386082702005903,0.34390823543071747,1.0,0.3162251015504201,0.03251183238656571,0.012097380424393123
0.9-0.9,0.6324188311894735,815.0935334032444,1973.9504097723648,0.0013611253821658555,3122.314453125,-176.21167373657227,114.57272847493489,9.393859386444092,-17.39276885986328,-38.769612630208336,-39.20600509643555,-28.31765365600586,-8.717590967814127,10.29357099533081,23.21065870920817,25.69123363494873,18.661461512247723,5.626204093297322,0.006868875821936626,0.005424173390800036,0.005088637064593134,0.005658680569015455,0.007370525665995349,0.012073939026170896,0.033907133154571056,0.3376239041487376,1.0,0.31786977748076123,0.031010732287541032,0.011190844735892824
